Sampled_PSU;Pik;Size_Stratum;STRATUM;PSU_ID;PSU_MOS;PSU_MOS.1;ALLOC;threshold;final_populationdom;sampling_fraction;SR;SizeSR;stratum;N_PSU_Stratum;PSU_final_sample_unit;nSR
1;1;146162;1000;330;146162;146162;160;61564.6875;197007;0.000812153882856954;1;146162;10001;1;119;0
1;1;50845;1000;309;50845;50845;160;61564.6875;197007;0.000812153882856954;1;0;10002;1;41;0
0;0.3629408284617;99727;2000;304;36195;36195;172;76004.6511627907;261456;0.000657854476470228;0;0;20001;3;0;0
0;0.34249501138107;99727;2000;342;34156;34156;172;76004.6511627907;261456;0.000657854476470228;0;0;20001;3;0;0
1;0.294564160157229;99727;2000;315;29376;29376;172;76004.6511627907;261456;0.000657854476470228;0;0;20001;3;66;1
0;0.308697925745163;80318;2000;292;24794;24794;172;76004.6511627907;261456;0.000657854476470228;0;0;20002;4;0;0
0;0.244142035409248;80318;2000;293;19609;19609;172;76004.6511627907;261456;0.000657854476470228;0;0;20002;4;0;0
0;0.234505341268458;80318;2000;306;18835;18835;172;76004.6511627907;261456;0.000657854476470228;0;0;20002;4;0;0
1;0.212654697577131;80318;2000;318;17080;17080;172;76004.6511627907;261456;0.000657854476470228;0;0;20002;4;53;1
0;0.184778469739961;81411;2000;343;15043;15043;172;76004.6511627907;261456;0.000657854476470228;0;0;20003;6;0;0
0;0.182014715456142;81411;2000;347;14818;14818;172;76004.6511627907;261456;0.000657854476470228;0;0;20003;6;0;0
0;0.170701747921043;81411;2000;300;13897;13897;172;76004.6511627907;261456;0.000657854476470228;0;0;20003;6;0;0
1;0.169485696036162;81411;2000;314;13798;13798;172;76004.6511627907;261456;0.000657854476470228;0;0;20003;6;54;1
0;0.164830305486973;81411;2000;317;13419;13419;172;76004.6511627907;261456;0.000657854476470228;0;0;20003;6;0;0
0;0.128189065359718;81411;2000;335;10436;10436;172;76004.6511627907;261456;0.000657854476470228;0;0;20003;6;0;0
0;0.0743094471259703;115813;3000;308;8606;8606;47;123205.319148936;115813;0.000405826634315664;0;0;30001;26;0;0
0;0.0679025670693273;115813;3000;341;7864;7864;47;123205.319148936;115813;0.000405826634315664;0;0;30001;26;0;0
0;0.0647941077426541;115813;3000;345;7504;7504;47;123205.319148936;115813;0.000405826634315664;0;0;30001;26;0;0
0;0.0594061115764206;115813;3000;303;6880;6880;47;123205.319148936;115813;0.000405826634315664;0;0;30001;26;0;0
0;0.052446616528369;115813;3000;344;6074;6074;47;123205.319148936;115813;0.000405826634315664;0;0;30001;26;0;0
0;0.0481811195634342;115813;3000;313;5580;5580;47;123205.319148936;115813;0.000405826634315664;0;0;30001;26;0;0
0;0.0458497750684293;115813;3000;325;5310;5310;47;123205.319148936;115813;0.000405826634315664;0;0;30001;26;0;0
0;0.0446150259470008;115813;3000;329;5167;5167;47;123205.319148936;115813;0.000405826634315664;0;0;30001;26;0;0
0;0.0445804875100377;115813;3000;321;5163;5163;47;123205.319148936;115813;0.000405826634315664;0;0;30001;26;0;0
0;0.0439587956447031;115813;3000;328;5091;5091;47;123205.319148936;115813;0.000405826634315664;0;0;30001;26;0;0
0;0.0396846640705275;115813;3000;295;4596;4596;47;123205.319148936;115813;0.000405826634315664;0;0;30001;26;0;0
0;0.0385103572137843;115813;3000;326;4460;4460;47;123205.319148936;115813;0.000405826634315664;0;0;30001;26;0;0
0;0.0340030911901082;115813;3000;294;3938;3938;47;123205.319148936;115813;0.000405826634315664;0;0;30001;26;0;0
0;0.0338390336145338;115813;3000;297;3919;3919;47;123205.319148936;115813;0.000405826634315664;0;0;30001;26;0;0
0;0.0295476328218766;115813;3000;312;3422;3422;47;123205.319148936;115813;0.000405826634315664;0;0;30001;26;0;0
0;0.0295130943849136;115813;3000;346;3418;3418;47;123205.319148936;115813;0.000405826634315664;0;0;30001;26;0;0
0;0.0294353829017468;115813;3000;319;3409;3409;47;123205.319148936;115813;0.000405826634315664;0;0;30001;26;0;0
0;0.0285373835407079;115813;3000;331;3305;3305;47;123205.319148936;115813;0.000405826634315664;0;0;30001;26;0;0
1;0.0273889805116869;115813;3000;302;3172;3172;47;123205.319148936;115813;0.000405826634315664;0;0;30001;26;47;1
0;0.026706846381667;115813;3000;348;3093;3093;47;123205.319148936;115813;0.000405826634315664;0;0;30001;26;0;0
0;0.0264305388859627;115813;3000;305;3061;3061;47;123205.319148936;115813;0.000405826634315664;0;0;30001;26;0;0
0;0.0255929817896091;115813;3000;299;2964;2964;47;123205.319148936;115813;0.000405826634315664;0;0;30001;26;0;0
0;0.0250403667982005;115813;3000;298;2900;2900;47;123205.319148936;115813;0.000405826634315664;0;0;30001;26;0;0
0;0.0212325041230259;115813;3000;310;2459;2459;47;123205.319148936;115813;0.000405826634315664;0;0;30001;26;0;0
0;0.019401966963985;115813;3000;296;2247;2247;47;123205.319148936;115813;0.000405826634315664;0;0;30001;26;0;0
0;0.0190911210313177;115813;3000;340;2211;2211;47;123205.319148936;115813;0.000405826634315664;0;0;30001;26;0;0
0;0.113334493358854;17241;4000;332;1954;1954;4;215512.5;17241;0.00023200510411229;0;0;40001;18;0;0
0;0.0988341743518357;17241;4000;311;1704;1704;4;215512.5;17241;0.00023200510411229;0;0;40001;18;0;0
0;0.0870019140421089;17241;4000;324;1500;1500;4;215512.5;17241;0.00023200510411229;0;0;40001;18;0;0
0;0.0815497940954701;17241;4000;320;1406;1406;4;215512.5;17241;0.00023200510411229;0;0;40001;18;0;0
0;0.0741256307638768;17241;4000;337;1278;1278;4;215512.5;17241;0.00023200510411229;0;0;40001;18;0;0
0;0.0735456180035961;17241;4000;350;1268;1268;4;215512.5;17241;0.00023200510411229;0;0;40001;18;0;0
0;0.0655414419117221;17241;4000;307;1130;1130;4;215512.5;17241;0.00023200510411229;0;0;40001;18;0;0
0;0.0621193666260658;17241;4000;323;1071;1071;4;215512.5;17241;0.00023200510411229;0;0;40001;18;0;0
0;0.0577692709239603;17241;4000;301;996;996;4;215512.5;17241;0.00023200510411229;0;0;40001;18;0;0
0;0.0573052607157357;17241;4000;339;988;988;4;215512.5;17241;0.00023200510411229;0;0;40001;18;0;0
1;0.0509251203526478;17241;4000;327;878;878;4;215512.5;17241;0.00023200510411229;0;0;40001;18;4;1
0;0.036772809001798;17241;4000;334;634;634;4;215512.5;17241;0.00023200510411229;0;0;40001;18;0;0
0;0.0317266979873557;17241;4000;322;547;547;4;215512.5;17241;0.00023200510411229;0;0;40001;18;0;0
0;0.0305086711907662;17241;4000;316;526;526;4;215512.5;17241;0.00023200510411229;0;0;40001;18;0;0
0;0.0297546546024013;17241;4000;336;513;513;4;215512.5;17241;0.00023200510411229;0;0;40001;18;0;0
0;0.0237805231715098;17241;4000;338;410;410;4;215512.5;17241;0.00023200510411229;0;0;40001;18;0;0
0;0.0192564236413201;17241;4000;349;332;332;4;215512.5;17241;0.00023200510411229;0;0;40001;18;0;0
0;0.0061481352589757;17241;4000;333;106;106;4;215512.5;17241;0.00023200510411229;0;0;40001;18;0;0
1;1;99067;5000;382;99067;99067;94;53759.0425531915;101067;0.000930076088139551;1;99067;50001;1;92;0
1;1;2000;5000;380;2000;2000;94;53759.0425531915;101067;0.000930076088139551;1;0;50002;1;2;0
1;0.396988436613156;47218;6000;373;18745;18745;41;57582.9268292683;47218;0.00086831293150917;0;0;60001;3;41;1
0;0.377101952645178;47218;6000;372;17806;17806;41;57582.9268292683;47218;0.00086831293150917;0;0;60001;3;0;0
0;0.225909610741666;47218;6000;354;10667;10667;41;57582.9268292683;47218;0.00086831293150917;0;0;60001;3;0;0
0;0.151794534079684;30370;7000;379;4610;4610;8;189812.5;30370;0.000263417846559104;0;0;70001;9;0;0
0;0.148271320381956;30370;7000;367;4503;4503;8;189812.5;30370;0.000263417846559104;0;0;70001;9;0;0
0;0.146065195917023;30370;7000;381;4436;4436;8;189812.5;30370;0.000263417846559104;0;0;70001;9;0;0
0;0.139117550214027;30370;7000;351;4225;4225;8;189812.5;30370;0.000263417846559104;0;0;70001;9;0;0
0;0.0886730325979585;30370;7000;360;2693;2693;8;189812.5;30370;0.000263417846559104;0;0;70001;9;0;0
0;0.0853803095159697;30370;7000;361;2593;2593;8;189812.5;30370;0.000263417846559104;0;0;70001;9;0;0
1;0.082647349357919;30370;7000;355;2510;2510;8;189812.5;30370;0.000263417846559104;0;0;70001;9;8;1
0;0.0818241685874218;30370;7000;357;2485;2485;8;189812.5;30370;0.000263417846559104;0;0;70001;9;0;0
0;0.0762265393480408;30370;7000;383;2315;2315;8;189812.5;30370;0.000263417846559104;0;0;70001;9;0;0
0;0.073308695980089;26518;8000;359;1944;1944;7;189414.285714286;26518;0.000263971641903613;0;0;80001;19;0;0
0;0.0662945923523644;26518;8000;378;1758;1758;7;189414.285714286;26518;0.000263971641903613;0;0;80001;19;0;0
0;0.0656158081303266;26518;8000;364;1740;1740;7;189414.285714286;26518;0.000263971641903613;0;0;80001;19;0;0
0;0.0643336601553662;26518;8000;356;1706;1706;7;189414.285714286;26518;0.000263971641903613;0;0;80001;19;0;0
0;0.0637680066370013;26518;8000;362;1691;1691;7;189414.285714286;26518;0.000263971641903613;0;0;80001;19;0;0
0;0.0634286145259823;26518;8000;374;1682;1682;7;189414.285714286;26518;0.000263971641903613;0;0;80001;19;0;0
0;0.0628252507730598;26518;8000;365;1666;1666;7;189414.285714286;26518;0.000263971641903613;0;0;80001;19;0;0
0;0.0627121200693868;26518;8000;358;1663;1663;7;189414.285714286;26518;0.000263971641903613;0;0;80001;19;0;0
0;0.0621841767855796;26518;8000;352;1649;1649;7;189414.285714286;26518;0.000263971641903613;0;0;80001;19;0;0
0;0.056942454182065;26518;8000;368;1510;1510;7;189414.285714286;26518;0.000263971641903613;0;0;80001;19;0;0
0;0.0558488573798929;26518;8000;363;1481;1481;7;189414.285714286;26518;0.000263971641903613;0;0;80001;19;0;0
0;0.0523418055660306;26518;8000;366;1388;1388;7;189414.285714286;26518;0.000263971641903613;0;0;80001;19;0;0
1;0.0518892827513387;26518;8000;353;1376;1376;7;189414.285714286;26518;0.000263971641903613;0;0;80001;19;7;1
0;0.050644845010936;26518;8000;371;1343;1343;7;189414.285714286;26518;0.000263971641903613;0;0;80001;19;0;0
0;0.0429519571611735;26518;8000;369;1139;1139;7;189414.285714286;26518;0.000263971641903613;0;0;80001;19;0;0
0;0.0410287351987329;26518;8000;370;1088;1088;7;189414.285714286;26518;0.000263971641903613;0;0;80001;19;0;0
0;0.03737084244664;26518;8000;376;991;991;7;189414.285714286;26518;0.000263971641903613;0;0;80001;19;0;0
0;0.0184025944641376;26518;8000;375;488;488;7;189414.285714286;26518;0.000263971641903613;0;0;80001;19;0;0
0;0.00810770042989667;26518;8000;377;215;215;7;189414.285714286;26518;0.000263971641903613;0;0;80001;19;0;0
1;1;92833;9000;8;92833;92833;954;4865.46121593291;92833;0.0102765180485388;1;92833;90001;1;954;0
1;1;33661;10000;51;33661;33661;767;6911.99478487614;106030;0.0072338017542205;1;33661;100001;1;243;0
1;1;18909;10000;11;18909;18909;767;6911.99478487614;106030;0.0072338017542205;1;18909;100002;1;137;0
1;1;15638;10000;40;15638;15638;767;6911.99478487614;106030;0.0072338017542205;1;15638;100003;1;113;0
1;1;14283;10000;13;14283;14283;767;6911.99478487614;106030;0.0072338017542205;1;14283;100004;1;103;0
1;1;13032;10000;4;13032;13032;767;6911.99478487614;106030;0.0072338017542205;1;13032;100005;1;94;0
1;1;10507;10000;41;10507;10507;767;6911.99478487614;106030;0.0072338017542205;1;10507;100006;1;76;0
1;1;7040;11000;72;7040;7040;1804;5706.76274944568;205900;0.00876153472559495;1;7040;110001;1;62;0
1;1;7023;11000;15;7023;7023;1804;5706.76274944568;205900;0.00876153472559495;1;7023;110002;1;62;0
1;1;6339;11000;85;6339;6339;1804;5706.76274944568;205900;0.00876153472559495;1;6339;110003;1;56;0
1;1;6070;11000;19;6070;6070;1804;5706.76274944568;205900;0.00876153472559495;1;6070;110004;1;53;0
1;1;5802;11000;113;5802;5802;1804;5706.76274944568;205900;0.00876153472559495;1;5802;110005;1;51;0
1;1;4686;11000;37;4686;4686;1804;5706.76274944568;205900;0.00876153472559495;1;0;1100010;1;41;0
1;1;4682;11000;22;4682;4682;1804;5706.76274944568;205900;0.00876153472559495;1;0;1100011;1;41;0
1;1;4655;11000;29;4655;4655;1804;5706.76274944568;205900;0.00876153472559495;1;0;1100012;1;41;0
1;1;4564;11000;46;4564;4564;1804;5706.76274944568;205900;0.00876153472559495;1;0;1100013;1;40;0
1;1;4526;11000;38;4526;4526;1804;5706.76274944568;205900;0.00876153472559495;1;0;1100014;1;40;0
1;1;4308;11000;61;4308;4308;1804;5706.76274944568;205900;0.00876153472559495;1;0;1100015;1;38;0
1;1;5440;11000;106;5440;5440;1804;5706.76274944568;205900;0.00876153472559495;1;0;110006;1;48;0
1;1;5382;11000;91;5382;5382;1804;5706.76274944568;205900;0.00876153472559495;1;0;110007;1;47;0
1;1;5172;11000;56;5172;5172;1804;5706.76274944568;205900;0.00876153472559495;1;0;110008;1;45;0
1;1;4917;11000;17;4917;4917;1804;5706.76274944568;205900;0.00876153472559495;1;0;110009;1;43;0
0;0.504956707240557;7969;11000;70;4024;4024;1804;5706.76274944568;205900;0.00876153472559495;0;0;1100016;2;0;0
1;0.495043292759443;7969;11000;109;3945;3945;1804;5706.76274944568;205900;0.00876153472559495;0;0;1100016;2;70;1
1;0.523669430328965;7478;11000;95;3916;3916;1804;5706.76274944568;205900;0.00876153472559495;0;0;1100017;2;66;1
0;0.476330569671035;7478;11000;42;3562;3562;1804;5706.76274944568;205900;0.00876153472559495;0;0;1100017;2;0;0
1;0.500495540138751;7063;11000;80;3535;3535;1804;5706.76274944568;205900;0.00876153472559495;0;0;1100018;2;62;1
0;0.499504459861249;7063;11000;59;3528;3528;1804;5706.76274944568;205900;0.00876153472559495;0;0;1100018;2;0;0
1;0.50503355704698;6556;11000;62;3311;3311;1804;5706.76274944568;205900;0.00876153472559495;0;0;1100019;2;57;1
0;0.49496644295302;6556;11000;79;3245;3245;1804;5706.76274944568;205900;0.00876153472559495;0;0;1100019;2;0;0
1;0.501624129930394;6465;11000;60;3243;3243;1804;5706.76274944568;205900;0.00876153472559495;0;0;1100020;2;57;1
0;0.498375870069606;6465;11000;76;3222;3222;1804;5706.76274944568;205900;0.00876153472559495;0;0;1100020;2;0;0
0;0.504742333227948;6326;11000;6;3193;3193;1804;5706.76274944568;205900;0.00876153472559495;0;0;1100021;2;0;0
1;0.495257666772052;6326;11000;67;3133;3133;1804;5706.76274944568;205900;0.00876153472559495;0;0;1100021;2;55;1
1;0.503956079444534;6193;11000;31;3121;3121;1804;5706.76274944568;205900;0.00876153472559495;0;0;1100022;2;54;1
0;0.496043920555466;6193;11000;23;3072;3072;1804;5706.76274944568;205900;0.00876153472559495;0;0;1100022;2;0;0
0;0.502637652489284;6066;11000;28;3049;3049;1804;5706.76274944568;205900;0.00876153472559495;0;0;1100023;2;0;0
1;0.497362347510715;6066;11000;96;3017;3017;1804;5706.76274944568;205900;0.00876153472559495;0;0;1100023;2;53;1
1;0.503612838178457;5951;11000;108;2997;2997;1804;5706.76274944568;205900;0.00876153472559495;0;0;1100024;2;52;1
0;0.496387161821543;5951;11000;34;2954;2954;1804;5706.76274944568;205900;0.00876153472559495;0;0;1100024;2;0;0
0;0.502578205568924;5818;11000;77;2924;2924;1804;5706.76274944568;205900;0.00876153472559495;0;0;1100025;2;0;0
1;0.497421794431076;5818;11000;82;2894;2894;1804;5706.76274944568;205900;0.00876153472559495;0;0;1100025;2;51;1
1;0.500089525514772;5585;11000;78;2793;2793;1804;5706.76274944568;205900;0.00876153472559495;0;0;1100026;2;49;1
0;0.499910474485228;5585;11000;104;2792;2792;1804;5706.76274944568;205900;0.00876153472559495;0;0;1100026;2;0;0
0;0.504749725977347;5474;11000;57;2763;2763;1804;5706.76274944568;205900;0.00876153472559495;0;0;1100027;2;0;0
1;0.495250274022653;5474;11000;47;2711;2711;1804;5706.76274944568;205900;0.00876153472559495;0;0;1100027;2;48;1
1;0.505172089524168;5317;11000;74;2686;2686;1804;5706.76274944568;205900;0.00876153472559495;0;0;1100028;2;47;1
0;0.494827910475832;5317;11000;102;2631;2631;1804;5706.76274944568;205900;0.00876153472559495;0;0;1100028;2;0;0
0;0.500190985485103;5236;11000;86;2619;2619;1804;5706.76274944568;205900;0.00876153472559495;0;0;1100029;2;0;0
1;0.499809014514897;5236;11000;71;2617;2617;1804;5706.76274944568;205900;0.00876153472559495;0;0;1100029;2;46;1
1;0.503566608829767;5187;11000;52;2612;2612;1804;5706.76274944568;205900;0.00876153472559495;0;0;1100030;2;45;1
0;0.496433391170233;5187;11000;105;2575;2575;1804;5706.76274944568;205900;0.00876153472559495;0;0;1100030;2;0;0
0;0.335441370223979;7590;11000;114;2546;2546;1804;5706.76274944568;205900;0.00876153472559495;0;0;1100031;3;0;0
1;0.334255599472991;7590;11000;21;2537;2537;1804;5706.76274944568;205900;0.00876153472559495;0;0;1100031;3;67;1
0;0.33030303030303;7590;11000;30;2507;2507;1804;5706.76274944568;205900;0.00876153472559495;0;0;1100031;3;0;0
0;0.335691930874949;7349;11000;12;2467;2467;1804;5706.76274944568;205900;0.00876153472559495;0;0;1100032;3;0;0
1;0.333922982718737;7349;11000;16;2454;2454;1804;5706.76274944568;205900;0.00876153472559495;0;0;1100032;3;64;1
0;0.330385086406314;7349;11000;88;2428;2428;1804;5706.76274944568;205900;0.00876153472559495;0;0;1100032;3;0;0
0;0.503243356350701;4779;11000;48;2405;2405;1804;5706.76274944568;205900;0.00876153472559495;0;0;1100033;2;0;0
1;0.496756643649299;4779;11000;39;2374;2374;1804;5706.76274944568;205900;0.00876153472559495;0;0;1100033;2;42;1
1;0.351885098743268;6684;11000;33;2352;2352;1804;5706.76274944568;205900;0.00876153472559495;0;0;1100034;3;59;1
0;0.331687612208259;6684;11000;99;2217;2217;1804;5706.76274944568;205900;0.00876153472559495;0;0;1100034;3;0;0
0;0.316427289048474;6684;11000;27;2115;2115;1804;5706.76274944568;205900;0.00876153472559495;0;0;1100034;3;0;0
0;0.33923969072165;6208;11000;18;2106;2106;1804;5706.76274944568;205900;0.00876153472559495;0;0;1100035;3;0;0
1;0.333118556701031;6208;11000;107;2068;2068;1804;5706.76274944568;205900;0.00876153472559495;0;0;1100035;3;54;1
0;0.32764175257732;6208;11000;24;2034;2034;1804;5706.76274944568;205900;0.00876153472559495;0;0;1100035;3;0;0
0;0.100618708053691;19072;12000;54;1919;1919;155;18599.0322580645;57657;0.00268831191355776;0;0;120001;11;0;0
0;0.0983640939597315;19072;12000;10;1876;1876;155;18599.0322580645;57657;0.00268831191355776;0;0;120001;11;0;0
1;0.0927537751677852;19072;12000;84;1769;1769;155;18599.0322580645;57657;0.00268831191355776;0;0;120001;11;51;1
0;0.0918624161073825;19072;12000;58;1752;1752;155;18599.0322580645;57657;0.00268831191355776;0;0;120001;11;0;0
0;0.0915478187919463;19072;12000;90;1746;1746;155;18599.0322580645;57657;0.00268831191355776;0;0;120001;11;0;0
0;0.091128355704698;19072;12000;55;1738;1738;155;18599.0322580645;57657;0.00268831191355776;0;0;120001;11;0;0
0;0.0896078020134228;19072;12000;112;1709;1709;155;18599.0322580645;57657;0.00268831191355776;0;0;120001;11;0;0
0;0.0894505033557047;19072;12000;97;1706;1706;155;18599.0322580645;57657;0.00268831191355776;0;0;120001;11;0;0
0;0.087195889261745;19072;12000;66;1663;1663;155;18599.0322580645;57657;0.00268831191355776;0;0;120001;11;0;0
0;0.0839450503355705;19072;12000;94;1601;1601;155;18599.0322580645;57657;0.00268831191355776;0;0;120001;11;0;0
0;0.0835255872483222;19072;12000;92;1593;1593;155;18599.0322580645;57657;0.00268831191355776;0;0;120001;11;0;0
0;0.0780284379239311;19903;12000;81;1553;1553;155;18599.0322580645;57657;0.00268831191355776;0;0;120002;14;0;0
0;0.077676732150932;19903;12000;1;1546;1546;155;18599.0322580645;57657;0.00268831191355776;0;0;120002;14;0;0
0;0.077526001105361;19903;12000;35;1543;1543;155;18599.0322580645;57657;0.00268831191355776;0;0;120002;14;0;0
0;0.0756669848766518;19903;12000;7;1506;1506;155;18599.0322580645;57657;0.00268831191355776;0;0;120002;14;0;0
0;0.0753655227855097;19903;12000;50;1500;1500;155;18599.0322580645;57657;0.00268831191355776;0;0;120002;14;0;0
1;0.0746621112395116;19903;12000;53;1486;1486;155;18599.0322580645;57657;0.00268831191355776;0;0;120002;14;54;1
0;0.0729035823745164;19903;12000;83;1451;1451;155;18599.0322580645;57657;0.00268831191355776;0;0;120002;14;0;0
0;0.0702909109179521;19903;12000;63;1399;1399;155;18599.0322580645;57657;0.00268831191355776;0;0;120002;14;0;0
0;0.0693362809626689;19903;12000;111;1380;1380;155;18599.0322580645;57657;0.00268831191355776;0;0;120002;14;0;0
0;0.0689343315078129;19903;12000;44;1372;1372;155;18599.0322580645;57657;0.00268831191355776;0;0;120002;14;0;0
0;0.0684318946892428;19903;12000;20;1362;1362;155;18599.0322580645;57657;0.00268831191355776;0;0;120002;14;0;0
0;0.0674270210521027;19903;12000;87;1342;1342;155;18599.0322580645;57657;0.00268831191355776;0;0;120002;14;0;0
0;0.06210119077526;19903;12000;26;1236;1236;155;18599.0322580645;57657;0.00268831191355776;0;0;120002;14;0;0
0;0.061648997638547;19903;12000;115;1227;1227;155;18599.0322580645;57657;0.00268831191355776;0;0;120002;14;0;0
0;0.0638047318274275;18682;12000;73;1192;1192;155;18599.0322580645;57657;0.00268831191355776;0;0;120003;25;0;0
0;0.0625736002569318;18682;12000;89;1169;1169;155;18599.0322580645;57657;0.00268831191355776;0;0;120003;25;0;0
0;0.06161010598437;18682;12000;45;1151;1151;155;18599.0322580645;57657;0.00268831191355776;0;0;120003;25;0;0
0;0.0587731506262713;18682;12000;75;1098;1098;155;18599.0322580645;57657;0.00268831191355776;0;0;120003;25;0;0
0;0.055829140348999;18682;12000;93;1043;1043;155;18599.0322580645;57657;0.00268831191355776;0;0;120003;25;0;0
0;0.0501017021732149;18682;12000;2;936;936;155;18599.0322580645;57657;0.00268831191355776;0;0;120003;25;0;0
0;0.0501017021732149;18682;12000;100;936;936;155;18599.0322580645;57657;0.00268831191355776;0;0;120003;25;0;0
0;0.0481211861685044;18682;12000;103;899;899;155;18599.0322580645;57657;0.00268831191355776;0;0;120003;25;0;0
0;0.0473182742747029;18682;12000;98;884;884;155;18599.0322580645;57657;0.00268831191355776;0;0;120003;25;0;0
0;0.045926560325447;18682;12000;101;858;858;155;18599.0322580645;57657;0.00268831191355776;0;0;120003;25;0;0
0;0.0458195054062734;18682;12000;110;856;856;155;18599.0322580645;57657;0.00268831191355776;0;0;120003;25;0;0
0;0.0442136816186704;18682;12000;32;826;826;155;18599.0322580645;57657;0.00268831191355776;0;0;120003;25;0;0
0;0.0434642971844556;18682;12000;36;812;812;155;18599.0322580645;57657;0.00268831191355776;0;0;120003;25;0;0
0;0.0422866930735467;18682;12000;49;790;790;155;18599.0322580645;57657;0.00268831191355776;0;0;120003;25;0;0
0;0.0384327159832994;18682;12000;116;718;718;155;18599.0322580645;57657;0.00268831191355776;0;0;120003;25;0;0
0;0.0362916175998287;18682;12000;5;678;678;155;18599.0322580645;57657;0.00268831191355776;0;0;120003;25;0;0
0;0.0342040466759448;18682;12000;64;639;639;155;18599.0322580645;57657;0.00268831191355776;0;0;120003;25;0;0
0;0.0328658601862756;18682;12000;9;614;614;155;18599.0322580645;57657;0.00268831191355776;0;0;120003;25;0;0
0;0.0307782892623916;18682;12000;25;575;575;155;18599.0322580645;57657;0.00268831191355776;0;0;120003;25;0;0
0;0.0293330478535489;18682;12000;68;548;548;155;18599.0322580645;57657;0.00268831191355776;0;0;120003;25;0;0
1;0.0196445776683439;18682;12000;3;367;367;155;18599.0322580645;57657;0.00268831191355776;0;0;120003;25;50;1
0;0.0195375227491703;18682;12000;14;365;365;155;18599.0322580645;57657;0.00268831191355776;0;0;120003;25;0;0
0;0.0173964243656996;18682;12000;43;325;325;155;18599.0322580645;57657;0.00268831191355776;0;0;120003;25;0;0
0;0.012686007922064;18682;12000;69;237;237;155;18599.0322580645;57657;0.00268831191355776;0;0;120003;25;0;0
0;0.00888555829140349;18682;12000;65;166;166;155;18599.0322580645;57657;0.00268831191355776;0;0;120003;25;0;0
1;1;102933;13000;259;102933;102933;11;467877.272727273;102933;0.000106865631041551;1;0;130001;1;11;0
1;1;34430;14000;228;34430;34430;724;5799.93093922652;83983;0.00862079230320422;1;34430;140001;1;297;0
1;1;18866;14000;214;18866;18866;724;5799.93093922652;83983;0.00862079230320422;1;18866;140002;1;163;0
1;1;15642;14000;121;15642;15642;724;5799.93093922652;83983;0.00862079230320422;1;15642;140003;1;135;0
1;1;15045;14000;221;15045;15045;724;5799.93093922652;83983;0.00862079230320422;1;15045;140004;1;130;0
1;1;8746;15000;201;8746;8746;1208;7714.8178807947;186390;0.00648103439025699;1;8746;150001;1;57;0
1;1;8014;15000;117;8014;8014;1208;7714.8178807947;186390;0.00648103439025699;1;8014;150002;1;52;0
1;1;7975;15000;186;7975;7975;1208;7714.8178807947;186390;0.00648103439025699;1;7975;150003;1;52;0
1;1;7004;15000;187;7004;7004;1208;7714.8178807947;186390;0.00648103439025699;1;0;150004;1;45;0
1;1;6315;15000;198;6315;6315;1208;7714.8178807947;186390;0.00648103439025699;1;0;150005;1;41;0
1;1;6292;15000;130;6292;6292;1208;7714.8178807947;186390;0.00648103439025699;1;0;150006;1;41;0
1;1;6200;15000;162;6200;6200;1208;7714.8178807947;186390;0.00648103439025699;1;0;150007;1;40;0
1;1;5963;15000;270;5963;5963;1208;7714.8178807947;186390;0.00648103439025699;1;0;150008;1;39;0
1;0.513195854257934;9359;15000;197;4803;4803;1208;7714.8178807947;186390;0.00648103439025699;0;0;1500010;2;61;1
0;0.486804145742066;9359;15000;288;4556;4556;1208;7714.8178807947;186390;0.00648103439025699;0;0;1500010;2;0;0
1;0.500110204981265;9074;15000;123;4538;4538;1208;7714.8178807947;186390;0.00648103439025699;0;0;1500011;2;59;1
0;0.499889795018735;9074;15000;276;4536;4536;1208;7714.8178807947;186390;0.00648103439025699;0;0;1500011;2;0;0
0;0.50915627457589;8901;15000;289;4532;4532;1208;7714.8178807947;186390;0.00648103439025699;0;0;1500012;2;0;0
1;0.49084372542411;8901;15000;170;4369;4369;1208;7714.8178807947;186390;0.00648103439025699;0;0;1500012;2;58;1
0;0.50587258275003;8429;15000;246;4264;4264;1208;7714.8178807947;186390;0.00648103439025699;0;0;1500013;2;0;0
1;0.49412741724997;8429;15000;218;4165;4165;1208;7714.8178807947;186390;0.00648103439025699;0;0;1500013;2;55;1
1;0.500333555703803;7495;15000;122;3750;3750;1208;7714.8178807947;186390;0.00648103439025699;0;0;1500014;2;49;1
0;0.499666444296197;7495;15000;153;3745;3745;1208;7714.8178807947;186390;0.00648103439025699;0;0;1500014;2;0;0
1;0.506999306999307;7215;15000;161;3658;3658;1208;7714.8178807947;186390;0.00648103439025699;0;0;1500015;2;47;1
0;0.493000693000693;7215;15000;131;3557;3557;1208;7714.8178807947;186390;0.00648103439025699;0;0;1500015;2;0;0
0;0.510524755410614;6746;15000;265;3444;3444;1208;7714.8178807947;186390;0.00648103439025699;0;0;1500016;2;0;0
1;0.489475244589386;6746;15000;138;3302;3302;1208;7714.8178807947;186390;0.00648103439025699;0;0;1500016;2;44;1
0;0.508603317315145;6451;15000;255;3281;3281;1208;7714.8178807947;186390;0.00648103439025699;0;0;1500017;2;0;0
1;0.491396682684855;6451;15000;290;3170;3170;1208;7714.8178807947;186390;0.00648103439025699;0;0;1500017;2;42;1
1;0.340664323772815;8821;15000;280;3005;3005;1208;7714.8178807947;186390;0.00648103439025699;0;0;1500018;3;57;1
0;0.330461398934361;8821;15000;175;2915;2915;1208;7714.8178807947;186390;0.00648103439025699;0;0;1500018;3;0;0
0;0.328874277292824;8821;15000;266;2901;2901;1208;7714.8178807947;186390;0.00648103439025699;0;0;1500018;3;0;0
1;0.334737334737335;8547;15000;216;2861;2861;1208;7714.8178807947;186390;0.00648103439025699;0;0;1500019;3;55;1
0;0.334386334386334;8547;15000;291;2858;2858;1208;7714.8178807947;186390;0.00648103439025699;0;0;1500019;3;0;0
0;0.330876330876331;8547;15000;119;2828;2828;1208;7714.8178807947;186390;0.00648103439025699;0;0;1500019;3;0;0
1;0.335863842292151;8167;15000;286;2743;2743;1208;7714.8178807947;186390;0.00648103439025699;0;0;1500020;3;53;1
0;0.332435410799559;8167;15000;156;2715;2715;1208;7714.8178807947;186390;0.00648103439025699;0;0;1500020;3;0;0
0;0.331700746908289;8167;15000;233;2709;2709;1208;7714.8178807947;186390;0.00648103439025699;0;0;1500020;3;0;0
0;0.335554438018607;7954;15000;254;2669;2669;1208;7714.8178807947;186390;0.00648103439025699;0;0;1500021;3;0;0
1;0.332285642444053;7954;15000;283;2643;2643;1208;7714.8178807947;186390;0.00648103439025699;0;0;1500021;3;52;1
0;0.33215991953734;7954;15000;224;2642;2642;1208;7714.8178807947;186390;0.00648103439025699;0;0;1500021;3;0;0
0;0.343472584856397;7660;15000;268;2631;2631;1208;7714.8178807947;186390;0.00648103439025699;0;0;1500022;3;0;0
1;0.333681462140992;7660;15000;202;2556;2556;1208;7714.8178807947;186390;0.00648103439025699;0;0;1500022;3;50;1
0;0.322845953002611;7660;15000;199;2473;2473;1208;7714.8178807947;186390;0.00648103439025699;0;0;1500022;3;0;0
0;0.344669249533649;6969;15000;125;2402;2402;1208;7714.8178807947;186390;0.00648103439025699;0;0;1500023;3;0;0
1;0.333189840723203;6969;15000;180;2322;2322;1208;7714.8178807947;186390;0.00648103439025699;0;0;1500023;3;45;1
0;0.322140909743148;6969;15000;217;2245;2245;1208;7714.8178807947;186390;0.00648103439025699;0;0;1500023;3;0;0
1;0.254402895054282;8290;15000;150;2109;2109;1208;7714.8178807947;186390;0.00648103439025699;0;0;1500024;4;54;1
0;0.250784077201448;8290;15000;281;2079;2079;1208;7714.8178807947;186390;0.00648103439025699;0;0;1500024;4;0;0
0;0.248250904704463;8290;15000;182;2058;2058;1208;7714.8178807947;186390;0.00648103439025699;0;0;1500024;4;0;0
0;0.246562123039807;8290;15000;184;2044;2044;1208;7714.8178807947;186390;0.00648103439025699;0;0;1500024;4;0;0
0;0.504437417117209;9803;15000;269;4945;4945;1208;7714.8178807947;186390;0.00648103439025699;0;0;150009;2;0;0
1;0.495562582882791;9803;15000;285;4858;4858;1208;7714.8178807947;186390;0.00648103439025699;0;0;150009;2;64;1
1;1;1998;16000;273;1998;1998;2634;2065.60364464692;108816;0.0242059991177768;1;0;160001;1;48;0
1;1;1608;16000;139;1608;1608;2634;2065.60364464692;108816;0.0242059991177768;1;0;1600010;1;39;0
1;1;1602;16000;267;1602;1602;2634;2065.60364464692;108816;0.0242059991177768;1;0;1600011;1;39;0
1;1;1599;16000;284;1599;1599;2634;2065.60364464692;108816;0.0242059991177768;1;0;1600012;1;39;0
1;1;1529;16000;275;1529;1529;2634;2065.60364464692;108816;0.0242059991177768;1;0;1600013;1;37;0
1;1;1507;16000;196;1507;1507;2634;2065.60364464692;108816;0.0242059991177768;1;0;1600014;1;36;0
1;1;1481;16000;271;1481;1481;2634;2065.60364464692;108816;0.0242059991177768;1;0;1600015;1;36;0
1;1;1924;16000;191;1924;1924;2634;2065.60364464692;108816;0.0242059991177768;1;0;160002;1;47;0
1;1;1885;16000;203;1885;1885;2634;2065.60364464692;108816;0.0242059991177768;1;0;160003;1;46;0
1;1;1826;16000;278;1826;1826;2634;2065.60364464692;108816;0.0242059991177768;1;0;160004;1;44;0
1;1;1809;16000;251;1809;1809;2634;2065.60364464692;108816;0.0242059991177768;1;0;160005;1;44;0
1;1;1770;16000;248;1770;1770;2634;2065.60364464692;108816;0.0242059991177768;1;0;160006;1;43;0
1;1;1744;16000;143;1744;1744;2634;2065.60364464692;108816;0.0242059991177768;1;0;160007;1;42;0
1;1;1744;16000;263;1744;1744;2634;2065.60364464692;108816;0.0242059991177768;1;0;160008;1;42;0
1;1;1729;16000;211;1729;1729;2634;2065.60364464692;108816;0.0242059991177768;1;0;160009;1;42;0
1;0.510756419153366;2882;16000;227;1472;1472;2634;2065.60364464692;108816;0.0242059991177768;0;0;1600016;2;70;1
0;0.489243580846634;2882;16000;142;1410;1410;2634;2065.60364464692;108816;0.0242059991177768;0;0;1600016;2;0;0
1;0.502159827213823;2778;16000;127;1395;1395;2634;2065.60364464692;108816;0.0242059991177768;0;0;1600017;2;67;1
0;0.497840172786177;2778;16000;118;1383;1383;2634;2065.60364464692;108816;0.0242059991177768;0;0;1600017;2;0;0
0;0.500542888165038;2763;16000;238;1383;1383;2634;2065.60364464692;108816;0.0242059991177768;0;0;1600018;2;0;0
1;0.499457111834962;2763;16000;124;1380;1380;2634;2065.60364464692;108816;0.0242059991177768;0;0;1600018;2;67;1
1;0.503103322380431;2739;16000;141;1378;1378;2634;2065.60364464692;108816;0.0242059991177768;0;0;1600019;2;66;1
0;0.496896677619569;2739;16000;274;1361;1361;2634;2065.60364464692;108816;0.0242059991177768;0;0;1600019;2;0;0
0;0.502252252252252;2664;16000;287;1338;1338;2634;2065.60364464692;108816;0.0242059991177768;0;0;1600020;2;0;0
1;0.497747747747748;2664;16000;258;1326;1326;2634;2065.60364464692;108816;0.0242059991177768;0;0;1600020;2;64;1
0;0.501726121979287;2607;16000;237;1308;1308;2634;2065.60364464692;108816;0.0242059991177768;0;0;1600021;2;0;0
1;0.498273878020713;2607;16000;282;1299;1299;2634;2065.60364464692;108816;0.0242059991177768;0;0;1600021;2;63;1
0;0.500582977069569;2573;16000;219;1288;1288;2634;2065.60364464692;108816;0.0242059991177768;0;0;1600022;2;0;0
1;0.499417022930431;2573;16000;223;1285;1285;2634;2065.60364464692;108816;0.0242059991177768;0;0;1600022;2;62;1
0;0.503162055335968;2530;16000;176;1273;1273;2634;2065.60364464692;108816;0.0242059991177768;0;0;1600023;2;0;0
1;0.496837944664032;2530;16000;136;1257;1257;2634;2065.60364464692;108816;0.0242059991177768;0;0;1600023;2;61;1
1;0.506655909640984;2479;16000;261;1256;1256;2634;2065.60364464692;108816;0.0242059991177768;0;0;1600024;2;60;1
0;0.493344090359016;2479;16000;256;1223;1223;2634;2065.60364464692;108816;0.0242059991177768;0;0;1600024;2;0;0
0;0.506239600665557;2404;16000;177;1217;1217;2634;2065.60364464692;108816;0.0242059991177768;0;0;1600025;2;0;0
1;0.493760399334443;2404;16000;204;1187;1187;2634;2065.60364464692;108816;0.0242059991177768;0;0;1600025;2;58;1
1;0.501736111111111;2304;16000;243;1156;1156;2634;2065.60364464692;108816;0.0242059991177768;0;0;1600026;2;56;1
0;0.498263888888889;2304;16000;168;1148;1148;2634;2065.60364464692;108816;0.0242059991177768;0;0;1600026;2;0;0
1;0.5002186270223;2287;16000;151;1144;1144;2634;2065.60364464692;108816;0.0242059991177768;0;0;1600027;2;55;1
0;0.4997813729777;2287;16000;220;1143;1143;2634;2065.60364464692;108816;0.0242059991177768;0;0;1600027;2;0;0
1;0.501768346595933;2262;16000;272;1135;1135;2634;2065.60364464692;108816;0.0242059991177768;0;0;1600028;2;55;1
0;0.498231653404067;2262;16000;242;1127;1127;2634;2065.60364464692;108816;0.0242059991177768;0;0;1600028;2;0;0
0;0.503693444136657;2166;16000;183;1091;1091;2634;2065.60364464692;108816;0.0242059991177768;0;0;1600029;2;0;0
1;0.496306555863343;2166;16000;245;1075;1075;2634;2065.60364464692;108816;0.0242059991177768;0;0;1600029;2;52;1
0;0.500709219858156;2115;16000;185;1059;1059;2634;2065.60364464692;108816;0.0242059991177768;0;0;1600030;2;0;0
1;0.499290780141844;2115;16000;200;1056;1056;2634;2065.60364464692;108816;0.0242059991177768;0;0;1600030;2;51;1
0;0.501747378931603;2003;16000;137;1005;1005;2634;2065.60364464692;108816;0.0242059991177768;0;0;1600031;2;0;0
1;0.498252621068397;2003;16000;145;998;998;2634;2065.60364464692;108816;0.0242059991177768;0;0;1600031;2;48;1
0;0.501006036217304;1988;16000;234;996;996;2634;2065.60364464692;108816;0.0242059991177768;0;0;1600032;2;0;0
1;0.498993963782696;1988;16000;173;992;992;2634;2065.60364464692;108816;0.0242059991177768;0;0;1600032;2;48;1
0;0.506694129763131;1942;16000;205;984;984;2634;2065.60364464692;108816;0.0242059991177768;0;0;1600033;2;0;0
1;0.493305870236869;1942;16000;120;958;958;2634;2065.60364464692;108816;0.0242059991177768;0;0;1600033;2;47;1
1;0.501051524710831;1902;16000;154;953;953;2634;2065.60364464692;108816;0.0242059991177768;0;0;1600034;2;46;1
0;0.498948475289169;1902;16000;152;949;949;2634;2065.60364464692;108816;0.0242059991177768;0;0;1600034;2;0;0
1;0.506944444444444;1872;16000;250;949;949;2634;2065.60364464692;108816;0.0242059991177768;0;0;1600035;2;45;1
0;0.493055555555556;1872;16000;164;923;923;2634;2065.60364464692;108816;0.0242059991177768;0;0;1600035;2;0;0
1;0.501414827391058;1767;16000;146;886;886;2634;2065.60364464692;108816;0.0242059991177768;0;0;1600036;2;43;1
0;0.498585172608942;1767;16000;210;881;881;2634;2065.60364464692;108816;0.0242059991177768;0;0;1600036;2;0;0
0;0.501196172248804;1672;16000;172;838;838;2634;2065.60364464692;108816;0.0242059991177768;0;0;1600037;2;0;0
1;0.498803827751196;1672;16000;195;834;834;2634;2065.60364464692;108816;0.0242059991177768;0;0;1600037;2;40;1
1;0.507326007326007;1638;16000;235;831;831;2634;2065.60364464692;108816;0.0242059991177768;0;0;1600038;2;40;1
0;0.492673992673993;1638;16000;188;807;807;2634;2065.60364464692;108816;0.0242059991177768;0;0;1600038;2;0;0
1;0.334881756756757;2368;16000;207;793;793;2634;2065.60364464692;108816;0.0242059991177768;0;0;1600039;3;57;1
0;0.334881756756757;2368;16000;262;793;793;2634;2065.60364464692;108816;0.0242059991177768;0;0;1600039;3;0;0
0;0.330236486486487;2368;16000;241;782;782;2634;2065.60364464692;108816;0.0242059991177768;0;0;1600039;3;0;0
0;0.337808575140754;2309;16000;189;780;780;2634;2065.60364464692;108816;0.0242059991177768;0;0;1600040;3;0;0
0;0.331312256388047;2309;16000;230;765;765;2634;2065.60364464692;108816;0.0242059991177768;0;0;1600040;3;0;0
1;0.3308791684712;2309;16000;209;764;764;2634;2065.60364464692;108816;0.0242059991177768;0;0;1600040;3;56;1
0;0.357612781954887;2128;16000;206;761;761;2634;2065.60364464692;108816;0.0242059991177768;0;0;1600041;3;0;0
0;0.323308270676692;2128;16000;236;688;688;2634;2065.60364464692;108816;0.0242059991177768;0;0;1600041;3;0;0
1;0.319078947368421;2128;16000;212;679;679;2634;2065.60364464692;108816;0.0242059991177768;0;0;1600041;3;52;1
0;0.333991119881598;2027;16000;181;677;677;2634;2065.60364464692;108816;0.0242059991177768;0;0;1600042;3;0;0
0;0.3334977799704;2027;16000;133;676;676;2634;2065.60364464692;108816;0.0242059991177768;0;0;1600042;3;0;0
1;0.332511100148002;2027;16000;140;674;674;2634;2065.60364464692;108816;0.0242059991177768;0;0;1600042;3;49;1
0;0.333835341365462;1992;16000;158;665;665;2634;2065.60364464692;108816;0.0242059991177768;0;0;1600043;3;0;0
1;0.333333333333333;1992;16000;252;664;664;2634;2065.60364464692;108816;0.0242059991177768;0;0;1600043;3;48;1
0;0.332831325301205;1992;16000;257;663;663;2634;2065.60364464692;108816;0.0242059991177768;0;0;1600043;3;0;0
0;0.334857723577236;1968;16000;240;659;659;2634;2065.60364464692;108816;0.0242059991177768;0;0;1600044;3;0;0
0;0.332825203252033;1968;16000;279;655;655;2634;2065.60364464692;108816;0.0242059991177768;0;0;1600044;3;0;0
1;0.332317073170732;1968;16000;244;654;654;2634;2065.60364464692;108816;0.0242059991177768;0;0;1600044;3;48;1
0;0.338615953512942;1893;16000;165;641;641;2634;2065.60364464692;108816;0.0242059991177768;0;0;1600045;3;0;0
1;0.334389857369255;1893;16000;163;633;633;2634;2065.60364464692;108816;0.0242059991177768;0;0;1600045;3;46;1
0;0.326994189117802;1893;16000;129;619;619;2634;2065.60364464692;108816;0.0242059991177768;0;0;1600045;3;0;0
1;0.337034980566352;1801;16000;215;607;607;2634;2065.60364464692;108816;0.0242059991177768;0;0;1600046;3;44;1
0;0.335369239311494;1801;16000;134;604;604;2634;2065.60364464692;108816;0.0242059991177768;0;0;1600046;3;0;0
0;0.327595780122154;1801;16000;166;590;590;2634;2065.60364464692;108816;0.0242059991177768;0;0;1600046;3;0;0
0;0.252943741822939;2293;16000;253;580;580;2634;2065.60364464692;108816;0.0242059991177768;0;0;1600047;4;0;0
1;0.251635412123855;2293;16000;149;577;577;2634;2065.60364464692;108816;0.0242059991177768;0;0;1600047;4;56;1
0;0.249890972525076;2293;16000;171;573;573;2634;2065.60364464692;108816;0.0242059991177768;0;0;1600047;4;0;0
0;0.245529873528129;2293;16000;222;563;563;2634;2065.60364464692;108816;0.0242059991177768;0;0;1600047;4;0;0
0;0.260216063879756;2129;16000;249;554;554;2634;2065.60364464692;108816;0.0242059991177768;0;0;1600048;4;0;0
1;0.253640206669798;2129;16000;144;540;540;2634;2065.60364464692;108816;0.0242059991177768;0;0;1600048;4;52;1
0;0.246594645373415;2129;16000;169;525;525;2634;2065.60364464692;108816;0.0242059991177768;0;0;1600048;4;0;0
0;0.239549084077031;2129;16000;232;510;510;2634;2065.60364464692;108816;0.0242059991177768;0;0;1600048;4;0;0
0;0.258264462809917;1936;16000;247;500;500;2634;2065.60364464692;108816;0.0242059991177768;0;0;1600049;4;0;0
0;0.255165289256198;1936;16000;194;494;494;2634;2065.60364464692;108816;0.0242059991177768;0;0;1600049;4;0;0
0;0.244834710743802;1936;16000;277;474;474;2634;2065.60364464692;108816;0.0242059991177768;0;0;1600049;4;0;0
1;0.241735537190083;1936;16000;260;468;468;2634;2065.60364464692;108816;0.0242059991177768;0;0;1600049;4;47;1
0;0.262683201803833;1774;16000;147;466;466;2634;2065.60364464692;108816;0.0242059991177768;0;0;1600050;4;0;0
0;0.258173618940248;1774;16000;155;458;458;2634;2065.60364464692;108816;0.0242059991177768;0;0;1600050;4;0;0
1;0.249718151071026;1774;16000;174;443;443;2634;2065.60364464692;108816;0.0242059991177768;0;0;1600050;4;43;1
0;0.229425028184893;1774;16000;192;407;407;2634;2065.60364464692;108816;0.0242059991177768;0;0;1600050;4;0;0
0;0.203675344563553;1959;16000;225;399;399;2634;2065.60364464692;108816;0.0242059991177768;0;0;1600051;5;0;0
0;0.203675344563553;1959;16000;167;399;399;2634;2065.60364464692;108816;0.0242059991177768;0;0;1600051;5;0;0
0;0.199591628381827;1959;16000;229;391;391;2634;2065.60364464692;108816;0.0242059991177768;0;0;1600051;5;0;0
0;0.198570699336396;1959;16000;226;389;389;2634;2065.60364464692;108816;0.0242059991177768;0;0;1600051;5;0;0
1;0.194486983154671;1959;16000;126;381;381;2634;2065.60364464692;108816;0.0242059991177768;0;0;1600051;5;47;1
0;0.181094527363184;2010;16000;128;364;364;2634;2065.60364464692;108816;0.0242059991177768;0;0;1600052;6;0;0
1;0.178606965174129;2010;16000;213;359;359;2634;2065.60364464692;108816;0.0242059991177768;0;0;1600052;6;49;1
0;0.170646766169154;2010;16000;159;343;343;2634;2065.60364464692;108816;0.0242059991177768;0;0;1600052;6;0;0
0;0.159203980099502;2010;16000;178;320;320;2634;2065.60364464692;108816;0.0242059991177768;0;0;1600052;6;0;0
0;0.155223880597015;2010;16000;179;312;312;2634;2065.60364464692;108816;0.0242059991177768;0;0;1600052;6;0;0
0;0.155223880597015;2010;16000;239;312;312;2634;2065.60364464692;108816;0.0242059991177768;0;0;1600052;6;0;0
0;0.14506317267197;2137;16000;135;310;310;2634;2065.60364464692;108816;0.0242059991177768;0;0;1600053;10;0;0
1;0.13664014974263;2137;16000;160;292;292;2634;2065.60364464692;108816;0.0242059991177768;0;0;1600053;10;52;1
0;0.117454375292466;2137;16000;190;251;251;2634;2065.60364464692;108816;0.0242059991177768;0;0;1600053;10;0;0
0;0.111371080954609;2137;16000;132;238;238;2634;2065.60364464692;108816;0.0242059991177768;0;0;1600053;10;0;0
0;0.110903135236313;2137;16000;157;237;237;2634;2065.60364464692;108816;0.0242059991177768;0;0;1600053;10;0;0
0;0.102480112306972;2137;16000;148;219;219;2634;2065.60364464692;108816;0.0242059991177768;0;0;1600053;10;0;0
0;0.0823584464202153;2137;16000;231;176;176;2634;2065.60364464692;108816;0.0242059991177768;0;0;1600053;10;0;0
0;0.0729995320542817;2137;16000;208;156;156;2634;2065.60364464692;108816;0.0242059991177768;0;0;1600053;10;0;0
0;0.0678521291530182;2137;16000;264;145;145;2634;2065.60364464692;108816;0.0242059991177768;0;0;1600053;10;0;0
0;0.0528778661675246;2137;16000;193;113;113;2634;2065.60364464692;108816;0.0242059991177768;0;0;1600053;10;0;0
1;1;61117;17000;445;61117;61117;52;58766.3461538462;61117;0.000850827102115614;1;61117;170001;1;52;0
1;0.396545777076969;40588;18000;430;16095;16095;82;45277.4390243902;74255;0.00110430274055619;0;0;180001;3;45;1
0;0.304424953188134;40588;18000;425;12356;12356;82;45277.4390243902;74255;0.00110430274055619;0;0;180001;3;0;0
0;0.299029269734897;40588;18000;424;12137;12137;82;45277.4390243902;74255;0.00110430274055619;0;0;180001;3;0;0
0;0.359224166097365;33667;18000;448;12094;12094;82;45277.4390243902;74255;0.00110430274055619;0;0;180002;3;0;0
0;0.321472064633023;33667;18000;477;10823;10823;82;45277.4390243902;74255;0.00110430274055619;0;0;180002;3;0;0
1;0.319303769269611;33667;18000;390;10750;10750;82;45277.4390243902;74255;0.00110430274055619;0;0;180002;3;37;1
0;0.262843963734691;25148;19000;471;6610;6610;301;23319.4352159468;140383;0.00214413426127095;0;0;190001;4;0;0
1;0.257038333068236;25148;19000;467;6464;6464;301;23319.4352159468;140383;0.00214413426127095;0;0;190001;4;54;1
0;0.248449180849372;25148;19000;444;6248;6248;301;23319.4352159468;140383;0.00214413426127095;0;0;190001;4;0;0
0;0.231668522347702;25148;19000;462;5826;5826;301;23319.4352159468;140383;0.00214413426127095;0;0;190001;4;0;0
0;0.263667588970518;20962;19000;441;5527;5527;301;23319.4352159468;140383;0.00214413426127095;0;0;190002;4;0;0
1;0.251025665489934;20962;19000;418;5262;5262;301;23319.4352159468;140383;0.00214413426127095;0;0;190002;4;45;1
0;0.247400057246446;20962;19000;421;5186;5186;301;23319.4352159468;140383;0.00214413426127095;0;0;190002;4;0;0
0;0.237906688293102;20962;19000;435;4987;4987;301;23319.4352159468;140383;0.00214413426127095;0;0;190002;4;0;0
1;0.214373302969256;22834;19000;428;4895;4895;301;23319.4352159468;140383;0.00214413426127095;0;0;190003;5;49;1
0;0.204213015678374;22834;19000;395;4663;4663;301;23319.4352159468;140383;0.00214413426127095;0;0;190003;5;0;0
0;0.203030568450556;22834;19000;426;4636;4636;301;23319.4352159468;140383;0.00214413426127095;0;0;190003;5;0;0
0;0.194271700096348;22834;19000;439;4436;4436;301;23319.4352159468;140383;0.00214413426127095;0;0;190003;5;0;0
0;0.184111412805466;22834;19000;422;4204;4204;301;23319.4352159468;140383;0.00214413426127095;0;0;190003;5;0;0
0;0.175670872578639;22508;19000;446;3954;3954;301;23319.4352159468;140383;0.00214413426127095;0;0;190004;6;0;0
1;0.171050293229074;22508;19000;442;3850;3850;301;23319.4352159468;140383;0.00214413426127095;0;0;190004;6;48;1
0;0.170161720277235;22508;19000;427;3830;3830;301;23319.4352159468;140383;0.00214413426127095;0;0;190004;6;0;0
0;0.165807712813222;22508;19000;432;3732;3732;301;23319.4352159468;140383;0.00214413426127095;0;0;190004;6;0;0
0;0.161498133996801;22508;19000;396;3635;3635;301;23319.4352159468;140383;0.00214413426127095;0;0;190004;6;0;0
0;0.155811267105029;22508;19000;438;3507;3507;301;23319.4352159468;140383;0.00214413426127095;0;0;190004;6;0;0
0;0.141819961659257;24517;19000;389;3477;3477;301;23319.4352159468;140383;0.00214413426127095;0;0;190005;8;0;0
1;0.131786107598809;24517;19000;453;3231;3231;301;23319.4352159468;140383;0.00214413426127095;0;0;190005;8;53;1
0;0.129624342293103;24517;19000;452;3178;3178;301;23319.4352159468;140383;0.00214413426127095;0;0;190005;8;0;0
0;0.123750866745524;24517;19000;482;3034;3034;301;23319.4352159468;140383;0.00214413426127095;0;0;190005;8;0;0
0;0.123669290696252;24517;19000;472;3032;3032;301;23319.4352159468;140383;0.00214413426127095;0;0;190005;8;0;0
0;0.12024309662683;24517;19000;480;2948;2948;301;23319.4352159468;140383;0.00214413426127095;0;0;190005;8;0;0
0;0.11620508218787;24517;19000;473;2849;2849;301;23319.4352159468;140383;0.00214413426127095;0;0;190005;8;0;0
0;0.112901252192356;24517;19000;479;2768;2768;301;23319.4352159468;140383;0.00214413426127095;0;0;190005;8;0;0
0;0.112722208568854;24414;19000;458;2752;2752;301;23319.4352159468;140383;0.00214413426127095;0;0;190006;10;0;0
0;0.112435487834849;24414;19000;415;2745;2745;301;23319.4352159468;140383;0.00214413426127095;0;0;190006;10;0;0
0;0.1064553125256;24414;19000;394;2599;2599;301;23319.4352159468;140383;0.00214413426127095;0;0;190006;10;0;0
0;0.105840910952732;24414;19000;478;2584;2584;301;23319.4352159468;140383;0.00214413426127095;0;0;190006;10;0;0
0;0.103301384451544;24414;19000;450;2522;2522;301;23319.4352159468;140383;0.00214413426127095;0;0;190006;10;0;0
0;0.0994101744900467;24414;19000;393;2427;2427;301;23319.4352159468;140383;0.00214413426127095;0;0;190006;10;0;0
0;0.0941672810682395;24414;19000;412;2299;2299;301;23319.4352159468;140383;0.00214413426127095;0;0;190006;10;0;0
0;0.0913819939379045;24414;19000;385;2231;2231;301;23319.4352159468;140383;0.00214413426127095;0;0;190006;10;0;0
1;0.088105185549275;24414;19000;465;2151;2151;301;23319.4352159468;140383;0.00214413426127095;0;0;190006;10;52;1
0;0.0861800606209552;24414;19000;474;2104;2104;301;23319.4352159468;140383;0.00214413426127095;0;0;190006;10;0;0
0;0.032126600167617;60853;20000;405;1955;1955;47;64737.2340425532;60853;0.000772353047507929;0;0;200001;55;0;0
1;0.0317486401656451;60853;20000;416;1932;1932;47;64737.2340425532;60853;0.000772353047507929;0;0;200001;55;47;1
0;0.0309105549438812;60853;20000;476;1881;1881;47;64737.2340425532;60853;0.000772353047507929;0;0;200001;55;0;0
0;0.0294315810231213;60853;20000;398;1791;1791;47;64737.2340425532;60853;0.000772353047507929;0;0;200001;55;0;0
0;0.0291522192825333;60853;20000;440;1774;1774;47;64737.2340425532;60853;0.000772353047507929;0;0;200001;55;0;0
0;0.0285770627577934;60853;20000;411;1739;1739;47;64737.2340425532;60853;0.000772353047507929;0;0;200001;55;0;0
0;0.0275910801439535;60853;20000;423;1679;1679;47;64737.2340425532;60853;0.000772353047507929;0;0;200001;55;0;0
0;0.0269830575320855;60853;20000;391;1642;1642;47;64737.2340425532;60853;0.000772353047507929;0;0;200001;55;0;0
0;0.0258820436132976;60853;20000;449;1575;1575;47;64737.2340425532;60853;0.000772353047507929;0;0;200001;55;0;0
0;0.0257341462212216;60853;20000;419;1566;1566;47;64737.2340425532;60853;0.000772353047507929;0;0;200001;55;0;0
0;0.0257012801340936;60853;20000;387;1564;1564;47;64737.2340425532;60853;0.000772353047507929;0;0;200001;55;0;0
0;0.0246166992588697;60853;20000;429;1498;1498;47;64737.2340425532;60853;0.000772353047507929;0;0;200001;55;0;0
0;0.0243537705618458;60853;20000;433;1482;1482;47;64737.2340425532;60853;0.000772353047507929;0;0;200001;55;0;0
0;0.0235649844707738;60853;20000;460;1434;1434;47;64737.2340425532;60853;0.000772353047507929;0;0;200001;55;0;0
0;0.0230391270767259;60853;20000;451;1402;1402;47;64737.2340425532;60853;0.000772353047507929;0;0;200001;55;0;0
0;0.0226940331618819;60853;20000;436;1381;1381;47;64737.2340425532;60853;0.000772353047507929;0;0;200001;55;0;0
0;0.0226118679440619;60853;20000;384;1376;1376;47;64737.2340425532;60853;0.000772353047507929;0;0;200001;55;0;0
0;0.0225625688133699;60853;20000;468;1373;1373;47;64737.2340425532;60853;0.000772353047507929;0;0;200001;55;0;0
0;0.02206957750645;60853;20000;386;1343;1343;47;64737.2340425532;60853;0.000772353047507929;0;0;200001;55;0;0
0;0.021313657502506;60853;20000;408;1297;1297;47;64737.2340425532;60853;0.000772353047507929;0;0;200001;55;0;0
0;0.0211493270668661;60853;20000;455;1287;1287;47;64737.2340425532;60853;0.000772353047507929;0;0;200001;55;0;0
0;0.0210835948926101;60853;20000;461;1283;1283;47;64737.2340425532;60853;0.000772353047507929;0;0;200001;55;0;0
0;0.0210671618490461;60853;20000;463;1282;1282;47;64737.2340425532;60853;0.000772353047507929;0;0;200001;55;0;0
0;0.0210507288054821;60853;20000;413;1281;1281;47;64737.2340425532;60853;0.000772353047507929;0;0;200001;55;0;0
0;0.0203441079322301;60853;20000;392;1238;1238;47;64737.2340425532;60853;0.000772353047507929;0;0;200001;55;0;0
0;0.0199332818431302;60853;20000;401;1213;1213;47;64737.2340425532;60853;0.000772353047507929;0;0;200001;55;0;0
0;0.0189965983599823;60853;20000;434;1156;1156;47;64737.2340425532;60853;0.000772353047507929;0;0;200001;55;0;0
0;0.0185200400966263;60853;20000;470;1127;1127;47;64737.2340425532;60853;0.000772353047507929;0;0;200001;55;0;0
0;0.0171067983501224;60853;20000;466;1041;1041;47;64737.2340425532;60853;0.000772353047507929;0;0;200001;55;0;0
0;0.0162851461719225;60853;20000;456;991;991;47;64737.2340425532;60853;0.000772353047507929;0;0;200001;55;0;0
0;0.0161208157362825;60853;20000;409;981;981;47;64737.2340425532;60853;0.000772353047507929;0;0;200001;55;0;0
0;0.0160715166055905;60853;20000;454;978;978;47;64737.2340425532;60853;0.000772353047507929;0;0;200001;55;0;0
0;0.0155785252986706;60853;20000;443;948;948;47;64737.2340425532;60853;0.000772353047507929;0;0;200001;55;0;0
0;0.0150198018174946;60853;20000;447;914;914;47;64737.2340425532;60853;0.000772353047507929;0;0;200001;55;0;0
0;0.0138366226808867;60853;20000;397;842;842;47;64737.2340425532;60853;0.000772353047507929;0;0;200001;55;0;0
0;0.0137051583323747;60853;20000;404;834;834;47;64737.2340425532;60853;0.000772353047507929;0;0;200001;55;0;0
0;0.0129821044155588;60853;20000;417;790;790;47;64737.2340425532;60853;0.000772353047507929;0;0;200001;55;0;0
0;0.0128835061541748;60853;20000;437;784;784;47;64737.2340425532;60853;0.000772353047507929;0;0;200001;55;0;0
0;0.0125219791957668;60853;20000;400;762;762;47;64737.2340425532;60853;0.000772353047507929;0;0;200001;55;0;0
0;0.0124891131086389;60853;20000;406;760;760;47;64737.2340425532;60853;0.000772353047507929;0;0;200001;55;0;0
0;0.0124562470215109;60853;20000;407;758;758;47;64737.2340425532;60853;0.000772353047507929;0;0;200001;55;0;0
0;0.0118646574532069;60853;20000;464;722;722;47;64737.2340425532;60853;0.000772353047507929;0;0;200001;55;0;0
0;0.0117660591918229;60853;20000;459;716;716;47;64737.2340425532;60853;0.000772353047507929;0;0;200001;55;0;0
0;0.011158036579955;60853;20000;481;679;679;47;64737.2340425532;60853;0.000772353047507929;0;0;200001;55;0;0
0;0.011092304405699;60853;20000;457;675;675;47;64737.2340425532;60853;0.000772353047507929;0;0;200001;55;0;0
0;0.0102706522274991;60853;20000;475;625;625;47;64737.2340425532;60853;0.000772353047507929;0;0;200001;55;0;0
0;0.00992555831265509;60853;20000;402;604;604;47;64737.2340425532;60853;0.000772353047507929;0;0;200001;55;0;0
0;0.00992555831265509;60853;20000;410;604;604;47;64737.2340425532;60853;0.000772353047507929;0;0;200001;55;0;0
0;0.00954759831068312;60853;20000;388;581;581;47;64737.2340425532;60853;0.000772353047507929;0;0;200001;55;0;0
0;0.00925180352653115;60853;20000;469;563;563;47;64737.2340425532;60853;0.000772353047507929;0;0;200001;55;0;0
0;0.00910390613445516;60853;20000;414;554;554;47;64737.2340425532;60853;0.000772353047507929;0;0;200001;55;0;0
0;0.00821652178199924;60853;20000;420;500;500;47;64737.2340425532;60853;0.000772353047507929;0;0;200001;55;0;0
0;0.0076249322136953;60853;20000;431;464;464;47;64737.2340425532;60853;0.000772353047507929;0;0;200001;55;0;0
0;0.00593232872660345;60853;20000;399;361;361;47;64737.2340425532;60853;0.000772353047507929;0;0;200001;55;0;0
0;0.00445335480584359;60853;20000;403;271;271;47;64737.2340425532;60853;0.000772353047507929;0;0;200001;55;0;0
1;1;55144;21000;496;55144;55144;55;50130.9090909091;55144;0.000997388655157406;1;55144;210001;1;55;0
0;0.37527218779163;41791;22000;502;15683;15683;45;46434.4444444444;41791;0.00107678686798593;0;0;220001;3;0;0
1;0.363427532243785;41791;22000;503;15188;15188;45;46434.4444444444;41791;0.00107678686798593;0;0;220001;3;45;1
0;0.261300279964586;41791;22000;485;10920;10920;45;46434.4444444444;41791;0.00107678686798593;0;0;220001;3;0;0
0;0.245326327433628;36160;23000;499;8871;8871;76;47476.9736842105;72165;0.0010531421048985;0;0;230001;5;0;0
1;0.223064159292035;36160;23000;490;8066;8066;76;47476.9736842105;72165;0.0010531421048985;0;0;230001;5;38;1
0;0.183407079646018;36160;23000;498;6632;6632;76;47476.9736842105;72165;0.0010531421048985;0;0;230001;5;0;0
0;0.181692477876106;36160;23000;513;6570;6570;76;47476.9736842105;72165;0.0010531421048985;0;0;230001;5;0;0
0;0.166509955752212;36160;23000;500;6021;6021;76;47476.9736842105;72165;0.0010531421048985;0;0;230001;5;0;0
0;0.137786418552979;36005;23000;510;4961;4961;76;47476.9736842105;72165;0.0010531421048985;0;0;230002;10;0;0
1;0.132314956256076;36005;23000;493;4764;4764;76;47476.9736842105;72165;0.0010531421048985;0;0;230002;10;38;1
0;0.127565615886682;36005;23000;511;4593;4593;76;47476.9736842105;72165;0.0010531421048985;0;0;230002;10;0;0
0;0.124899319538953;36005;23000;495;4497;4497;76;47476.9736842105;72165;0.0010531421048985;0;0;230002;10;0;0
0;0.113234273017636;36005;23000;509;4077;4077;76;47476.9736842105;72165;0.0010531421048985;0;0;230002;10;0;0
0;0.104985418691848;36005;23000;504;3780;3780;76;47476.9736842105;72165;0.0010531421048985;0;0;230002;10;0;0
0;0.0718511317872518;36005;23000;506;2587;2587;76;47476.9736842105;72165;0.0010531421048985;0;0;230002;10;0;0
0;0.0658797389251493;36005;23000;505;2372;2372;76;47476.9736842105;72165;0.0010531421048985;0;0;230002;10;0;0
0;0.0646299125121511;36005;23000;497;2327;2327;76;47476.9736842105;72165;0.0010531421048985;0;0;230002;10;0;0
0;0.0568532148312734;36005;23000;494;2047;2047;76;47476.9736842105;72165;0.0010531421048985;0;0;230002;10;0;0
0;0.148266620558485;11567;24000;483;1715;1715;5;115670;11567;0.000432264199878966;0;0;240001;12;0;0
0;0.12103397596611;11567;24000;512;1400;1400;5;115670;11567;0.000432264199878966;0;0;240001;12;0;0
0;0.11446356012795;11567;24000;508;1324;1324;5;115670;11567;0.000432264199878966;0;0;240001;12;0;0
1;0.0987291432523558;11567;24000;488;1142;1142;5;115670;11567;0.000432264199878966;0;0;240001;12;5;1
0;0.0951845768133483;11567;24000;507;1101;1101;5;115670;11567;0.000432264199878966;0;0;240001;12;0;0
0;0.0846373303363016;11567;24000;491;979;979;5;115670;11567;0.000432264199878966;0;0;240001;12;0;0
0;0.081525028097173;11567;24000;484;943;943;5;115670;11567;0.000432264199878966;0;0;240001;12;0;0
0;0.0772023860983833;11567;24000;492;893;893;5;115670;11567;0.000432264199878966;0;0;240001;12;0;0
0;0.0623324976225469;11567;24000;486;721;721;5;115670;11567;0.000432264199878966;0;0;240001;12;0;0
0;0.0537736664649434;11567;24000;489;622;622;5;115670;11567;0.000432264199878966;0;0;240001;12;0;0
0;0.0368289098296879;11567;24000;501;426;426;5;115670;11567;0.000432264199878966;0;0;240001;12;0;0
0;0.0260223048327138;11567;24000;487;301;301;5;115670;11567;0.000432264199878966;0;0;240001;12;0;0
